title,image-link,price,rating,reviews,availability
"Pharmacist Graduate Card, New Pharmacist Graduation Card, Graduation Card for Doctor of Pharmacy Graduate, Pharmacy School Grad Card",https://m.media-amazon.com/images/I/71RtoliMPhL.__AC_SX300_SY300_QL70_ML2_.jpg,$5.98,4.7 out of 5 stars,4 ratings,Only 12 left in stock - order soon.
SWTOOL 40pcs Vitamin Pill Ballpoint Pen Cute Cartoon Retractable Ball Pen Smiling Face Ball Pen For Kids (Random Color),https://m.media-amazon.com/images/I/61lZnnG7bxL.__AC_SX300_SY300_QL70_ML2_.jpg,$9.99,4.3 out of 5 stars,"1,519 ratings",In Stock
Farmacy Deep Sweep 2% BHA Toner for Face - Pore Cleaner and Facial Exfoliator with Salicylic Acid (4 Fl Oz),https://m.media-amazon.com/images/I/31Kp9hLdlHL._SX300_SY300_QL70_ML2_.jpg,$34.00,4.7 out of 5 stars,"1,725 ratings",In Stock
"Plant People WonderSleep Mushroom Gummies Supplement for Sleep and Relaxation with Reishi Super Mushrooms, Wild Elderberry Flavor, No Sugar (60 Count)",https://m.media-amazon.com/images/I/715xk4VAMwL.__AC_SX300_SY300_QL70_ML2_.jpg,$34.99,4.0 out of 5 stars,137 ratings,In Stock
"Yaomiao 4 Pcs Nurse Graduation Gifts, Slinging Pills to Pay The Bills Tumbler Cup, 20 oz Tumbler Mug with Lid and Straw, Pharmacist Graduation Birthday Gifts for Pharmacy Tech Nursing Women Men",https://m.media-amazon.com/images/I/71JlhaFNjfL.__AC_SX300_SY300_QL70_ML2_.jpg,$25.99,5.0 out of 5 stars,6 ratings,In Stock
Farmacy Daily Greens Oil Free Gel Face Moisturizer - Daily Facial Moisturizing Cream with Hyaluronic Acid - New Fragrance-Free Formula,https://m.media-amazon.com/images/I/41Y0nuiFrsL._SX300_SY300_QL70_ML2_.jpg,$44.00,4.5 out of 5 stars,913 ratings,In Stock
BBTO Syringe Pens Pill Pens with Syringe Highlighters Fluorescent Watercolor Needle Pen Nurse Pen for Nursing Student School Supplies Party Favor Gifts(36 Pieces),https://m.media-amazon.com/images/I/81vdLy6QOyS.__AC_SX300_SY300_QL70_ML2_.jpg,$11.99,4.6 out of 5 stars,314 ratings,In Stock
Pharmacy Stickers |50Pcs Pharmacist Apothecary Waterproof Vinyl Decals for Water Bottles Laptop Luggage Cup Computer Mobile Phone Skateboard Décor,https://m.media-amazon.com/images/I/71wRyRVbpUL.__AC_SX300_SY300_QL70_ML2_.jpg,$5.99,4.7 out of 5 stars,129 ratings,In Stock
The Organic Pharmacy Essential Skin Care Kit - 7 Pc Travel-size Collection,https://m.media-amazon.com/images/I/415lDO053lL._SX300_SY300_QL70_ML2_.jpg,$85.00,4.7 out of 5 stars,10 ratings,Only 1 left in stock - order soon.
14 GRIDS Travel Pill Organizer Box with Labels - Travel Medicine Case Kit - Pocket Daily Pharmacy Container - Travel Medication Holder Dispenser for Fish Oil Vitamin Supplement Storage - Sky Blue,https://m.media-amazon.com/images/I/71D634JgrLL.__AC_SX300_SY300_QL70_ML2_.jpg,$3.99,4.5 out of 5 stars,245 ratings,In Stock
ANNEMARIE BÖRLIND – LL REGENERATION Cleansing Milk – Sustainably Sourced Natural 2in1 Facial Cleanser & Make-up Remover to remove Impurities on Skin – Step 1 of 5 - 5 Oz,https://m.media-amazon.com/images/I/31UgV8RWATL._SX300_SY300_QL70_ML2_.jpg,$39.99,4.6 out of 5 stars,139 ratings,In Stock
Farmacy Honey Halo Ceramide Face Moisturizer Cream - Hydrating Facial Lotion for Dry Skin (1.7 Ounce),https://m.media-amazon.com/images/I/41Nj++2b2TL._SY300_SX300_.jpg,$48.00,4.6 out of 5 stars,"2,713 ratings",In Stock
Farmacy Makeup Remover Cleansing Balm - Clearly Clean Fragrance-Free Makeup Melting Balm - Great Balm Cleanser for Sensitive Skin (50ml),https://m.media-amazon.com/images/I/31s0XqlBfwL._SX300_SY300_QL70_ML2_.jpg,$24.00,4.4 out of 5 stars,163 ratings,In Stock
POFULL Pharmacy Tech Gift Pharmacy School Pharmacy Graduation Gift Slingin Pills to Pay the Bills Cosmetic Bag (Slingin Pills bag),https://m.media-amazon.com/images/I/71rV3XuBP4L.__AC_SX300_SY300_QL70_ML2_.jpg,$14.89,4.3 out of 5 stars,5 ratings,Only 5 left in stock - order soon.
Medicine Pill Organizer Travel Airtight Pill Box for Purse Vitamin Organizer Large Compartments Portable Medication Storage Pocket Pharmacy Container with Labels Supplement Holder Pill Case Compact,https://m.media-amazon.com/images/I/81Iv3SIlkoL.__AC_SX300_SY300_QL70_ML2_.jpg,$13.99,4.6 out of 5 stars,33 ratings,In Stock
Noveread 24 Pcs Pharmacy Pens for Nurse Pharmacist Funny Drug Pens Nursing Week Pens Cute Pharmacy Technician Gifts for Pharmacist Medical Assistant School Student Hospital Doctor Office Supplies Bulk,https://m.media-amazon.com/images/I/81MIiO7Js+L._AC_SY300_SX300_.jpg,$15.99,5.0 out of 5 stars,2 ratings,In Stock
Farmacy Honey Halo Ceramide Face Moisturizer Cream - Hydrating Facial Lotion for Dry Skin (1.7 Ounce),https://m.media-amazon.com/images/I/41Nj++2b2TL._SY300_SX300_.jpg,$48.00,4.6 out of 5 stars,"2,713 ratings",In Stock
Dagacci Scrubs Medical Uniform Women and Man Scrubs Set Medical Scrubs Top and Pants,https://m.media-amazon.com/images/I/71EXBw4mtXL.__AC_SY445_SX342_QL70_ML2_.jpg,$19.99,4.0 out of 5 stars,"54,559 ratings",Not Available
YJ PREMIUMS 12PC Pharmacist Pens | Funny Pharmacy Fun Drug Pen Vaccine Pill Syringe Label for Technician Nurse Nurses Nursing Tech Coworkers Student Accessories Women Men Appreciation Week Gifts,https://m.media-amazon.com/images/I/61SkrjMJxrL.__AC_SX300_SY300_QL70_ML2_.jpg,$11.99,4.4 out of 5 stars,1 rating,In Stock
Generic WCGXKO Pharmacy Technician Survival Kit Funny Zipper Pouch Makeup Bag Gift for Pharmacy Tech Pharmacist RX Gift (Pharmacy Technician Survival),https://m.media-amazon.com/images/I/714fNoCpTLS.__AC_SX300_SY300_QL70_ML2_.jpg,$12.89,4.8 out of 5 stars,66 ratings,In Stock
